{
  "hash": "a72c6de9",
  "configHash": "b3fb4e97",
  "lockfileHash": "93c28c46",
  "browserHash": "d072b970",
  "optimized": {
    "@angular/common": {
      "src": "../../../../../../node_modules/@angular/common/fesm2022/common.mjs",
      "file": "@angular_common.js",
      "fileHash": "349634e7",
      "needsInterop": false
    },
    "@angular/common/http": {
      "src": "../../../../../../node_modules/@angular/common/fesm2022/http.mjs",
      "file": "@angular_common_http.js",
      "fileHash": "373d14b1",
      "needsInterop": false
    },
    "@angular/core": {
      "src": "../../../../../../node_modules/@angular/core/fesm2022/core.mjs",
      "file": "@angular_core.js",
      "fileHash": "2fe17664",
      "needsInterop": false
    },
    "@angular/forms": {
      "src": "../../../../../../node_modules/@angular/forms/fesm2022/forms.mjs",
      "file": "@angular_forms.js",
      "fileHash": "5f08da81",
      "needsInterop": false
    },
    "@angular/platform-browser": {
      "src": "../../../../../../node_modules/@angular/platform-browser/fesm2022/platform-browser.mjs",
      "file": "@angular_platform-browser.js",
      "fileHash": "a4d3d078",
      "needsInterop": false
    },
    "@angular/router": {
      "src": "../../../../../../node_modules/@angular/router/fesm2022/router.mjs",
      "file": "@angular_router.js",
      "fileHash": "c495f540",
      "needsInterop": false
    },
    "@auth0/angular-jwt": {
      "src": "../../../../../../node_modules/@auth0/angular-jwt/fesm2020/auth0-angular-jwt.mjs",
      "file": "@auth0_angular-jwt.js",
      "fileHash": "17e25ac1",
      "needsInterop": false
    },
    "rxjs": {
      "src": "../../../../../../node_modules/rxjs/dist/esm5/index.js",
      "file": "rxjs.js",
      "fileHash": "f4a40b0d",
      "needsInterop": false
    },
    "rxjs/operators": {
      "src": "../../../../../../node_modules/rxjs/dist/esm5/operators/index.js",
      "file": "rxjs_operators.js",
      "fileHash": "a9d47f1e",
      "needsInterop": false
    },
    "socket.io-client": {
      "src": "../../../../../../node_modules/socket.io-client/build/esm/index.js",
      "file": "socket__io-client.js",
      "fileHash": "01b93585",
      "needsInterop": false
    }
  },
  "chunks": {
    "chunk-6CCW7S2J": {
      "file": "chunk-6CCW7S2J.js"
    },
    "chunk-TEZARWH7": {
      "file": "chunk-TEZARWH7.js"
    },
    "chunk-SSDTFXZZ": {
      "file": "chunk-SSDTFXZZ.js"
    },
    "chunk-75HASWOJ": {
      "file": "chunk-75HASWOJ.js"
    },
    "chunk-5YG3ZYY6": {
      "file": "chunk-5YG3ZYY6.js"
    },
    "chunk-WPM5VTLQ": {
      "file": "chunk-WPM5VTLQ.js"
    },
    "chunk-PEBH6BBU": {
      "file": "chunk-PEBH6BBU.js"
    },
    "chunk-4S3KYZTJ": {
      "file": "chunk-4S3KYZTJ.js"
    },
    "chunk-XWLXMCJQ": {
      "file": "chunk-XWLXMCJQ.js"
    }
  }
}